ID,Revenu (€),Montant du Prêt (€),Durée de l'Emploi (années),Historique de Crédit,Prêt Approuvé
1,6561,24318,19,Bon,Oui
2,2627,28204,27,Bon,Non
3,3490,40531,10,Bon,Oui
4,5906,10882,2,Mauvais,Oui
5,1937,48569,13,Mauvais,Non
6,6100,45184,25,Mauvais,Non
7,5461,46911,22,Bon,Oui
8,7124,42951,6,Mauvais,Oui
9,4345,23342,22,Bon,Non
10,3566,43652,8,Bon,Non
11,7554,14726,12,Bon,Non
12,2171,11784,30,Mauvais,Oui
13,7382,27242,18,Bon,Oui
14,4767,30518,11,Bon,Non
15,5255,11233,6,Mauvais,Non
16,7313,32135,11,Bon,Oui
17,4802,36445,17,Bon,Oui
18,3124,11666,10,Bon,Non
19,2270,27920,21,Mauvais,Oui
20,3440,12715,10,Bon,Non
21,1577,13889,19,Mauvais,Oui
22,7303,24128,0,Mauvais,Oui
23,2700,13660,24,Bon,Non
24,6823,2198,18,Mauvais,Oui
25,4819,9776,19,Bon,Oui
26,7988,23779,13,Mauvais,Non
27,4851,22991,26,Bon,Oui
28,5537,14212,9,Bon,Non
29,2906,44558,2,Bon,Non
30,5796,49022,28,Bon,Oui
31,1796,48604,21,Bon,Oui
32,6816,40032,5,Mauvais,Oui
33,6435,19037,14,Mauvais,Oui
34,2781,22201,0,Mauvais,Oui
35,7482,1659,29,Mauvais,Oui
36,6880,14617,5,Mauvais,Non
37,5812,17782,2,Bon,Non
38,3657,30784,23,Mauvais,Non
39,1777,39471,18,Bon,Non
40,6976,23830,28,Bon,Oui
41,4819,2544,10,Mauvais,Non
42,1939,49211,2,Bon,Oui
43,6867,19758,1,Bon,Oui
44,6690,15216,17,Bon,Oui
45,2362,37453,6,Bon,Non
46,2151,46846,2,Mauvais,Oui
47,6771,15378,0,Bon,Oui
48,2075,41367,13,Mauvais,Oui
49,3850,48179,28,Bon,Non
50,6799,32435,0,Mauvais,Non
51,5538,26459,16,Mauvais,Oui
52,3271,5569,9,Mauvais,Oui
53,2998,37884,7,Bon,Oui
54,3702,5785,12,Mauvais,Non
55,1814,4588,7,Bon,Oui
56,5600,35131,11,Bon,Non
57,2700,15951,29,Bon,Non
58,3270,31480,18,Bon,Oui
59,6917,18417,21,Mauvais,Oui
60,6279,1298,5,Bon,Oui
61,5396,27968,15,Bon,Non
62,3909,15822,6,Mauvais,Oui
63,2808,10004,23,Bon,Non
64,6265,24075,15,Bon,Non
65,2932,28422,6,Mauvais,Non
66,2438,31371,18,Bon,Non
67,2775,29715,12,Bon,Non
68,3286,14972,8,Mauvais,Non
69,6976,14013,10,Bon,Oui
70,3043,38932,15,Mauvais,Oui
71,5802,12413,30,Mauvais,Oui
72,5746,48823,11,Bon,Non
73,6713,21218,18,Bon,Non
74,7424,14203,0,Bon,Oui
75,6805,17957,13,Bon,Oui
76,4034,22909,2,Bon,Non
77,4114,48622,2,Mauvais,Non
78,5804,6181,7,Bon,Non
79,1918,26363,25,Mauvais,Oui
80,4973,20641,26,Bon,Oui
81,2456,13129,21,Mauvais,Non
82,7845,35734,22,Mauvais,Oui
83,4651,48271,4,Mauvais,Non
84,2272,39917,18,Mauvais,Oui
85,1875,4033,26,Mauvais,Non
86,3315,37476,4,Mauvais,Oui
87,7387,19740,9,Mauvais,Non
88,6288,6572,28,Bon,Non
89,1719,10605,7,Bon,Oui
90,3408,16439,3,Mauvais,Oui
91,4626,44820,6,Bon,Oui
92,3837,16209,29,Bon,Non
93,7741,7708,21,Bon,Non
94,2633,37896,4,Mauvais,Non
95,2891,29027,9,Mauvais,Non
96,4223,37348,12,Mauvais,Non
97,4593,13698,16,Bon,Non
98,7402,42989,2,Mauvais,Oui
99,2896,3906,20,Mauvais,Non
100,3332,47263,17,Bon,Non
101,2745,2811,18,Mauvais,Non
102,5548,12592,18,Bon,Oui
103,3877,47237,2,Bon,Non
104,4361,48028,19,Bon,Non
105,3724,13993,15,Bon,Oui
106,3383,23377,11,Mauvais,Non
107,2600,43261,9,Bon,Oui
108,4601,5288,10,Bon,Oui
109,5357,49970,24,Bon,Oui
110,2142,39505,3,Mauvais,Oui
111,1562,15598,10,Mauvais,Non
112,3462,10329,2,Mauvais,Oui
113,5724,46988,21,Bon,Non
114,3885,10561,22,Mauvais,Oui
115,7139,34968,26,Mauvais,Non
116,1586,37067,7,Bon,Oui
117,5871,1847,0,Mauvais,Non
118,2226,20642,9,Bon,Oui
119,3755,31263,1,Mauvais,Non
120,1636,29556,22,Mauvais,Oui
121,4044,46000,15,Bon,Oui
122,7193,29679,4,Mauvais,Non
123,6290,33837,24,Bon,Non
124,3399,3999,15,Mauvais,Oui
125,6854,12641,28,Bon,Non
126,7108,43889,11,Mauvais,Oui
127,3302,2411,5,Mauvais,Oui
128,3767,22328,23,Mauvais,Oui
129,2249,38069,5,Mauvais,Oui
130,3137,34546,17,Bon,Oui
131,6886,2561,20,Mauvais,Non
132,7205,19380,29,Mauvais,Non
133,6536,6960,16,Mauvais,Oui
134,5416,41162,17,Mauvais,Oui
135,3682,46193,7,Bon,Non
136,4517,10377,24,Mauvais,Oui
137,3629,24212,16,Mauvais,Oui
138,4403,2410,28,Mauvais,Oui
139,2203,16047,6,Bon,Non
140,7574,48840,13,Bon,Non
141,3405,33075,8,Mauvais,Oui
142,1780,36553,11,Bon,Oui
143,4250,13605,19,Mauvais,Non
144,5789,13646,12,Bon,Oui
145,6910,15482,21,Bon,Oui
146,2370,15879,28,Bon,Non
147,6219,41755,7,Mauvais,Non
148,2014,3607,24,Bon,Oui
149,6925,37898,20,Bon,Oui
150,4124,47034,29,Bon,Oui
151,6588,1297,18,Mauvais,Oui
152,5685,29488,13,Mauvais,Non
153,7805,47045,1,Mauvais,Oui
154,5575,42425,2,Mauvais,Oui
155,1654,15319,8,Mauvais,Oui
156,6436,25408,7,Bon,Oui
157,3239,27666,22,Mauvais,Oui
158,5701,8271,16,Bon,Non
159,5976,47886,7,Mauvais,Non
160,5253,7115,5,Mauvais,Non
161,2410,34207,30,Mauvais,Oui
162,4482,10329,17,Mauvais,Non
163,4013,36912,28,Mauvais,Non
164,1644,27043,4,Bon,Non
165,4896,31576,16,Bon,Oui
166,6802,29300,27,Bon,Non
167,6546,38264,23,Bon,Oui
168,5152,20090,19,Bon,Non
169,4689,1799,22,Bon,Non
170,6083,7785,20,Mauvais,Non
171,6058,21044,20,Mauvais,Non
172,6889,40557,23,Mauvais,Oui
173,4488,31343,3,Bon,Oui
174,5961,42966,10,Bon,Oui
175,6554,20606,3,Mauvais,Non
176,1631,47423,19,Bon,Oui
177,6198,28417,30,Bon,Oui
178,4519,4439,6,Mauvais,Oui
179,7395,7878,6,Bon,Non
180,5827,2929,1,Mauvais,Non
181,1944,41060,18,Bon,Non
182,3912,43936,24,Bon,Oui
183,4361,23022,26,Bon,Oui
184,1663,22722,18,Mauvais,Oui
185,5062,20824,9,Bon,Non
186,2833,35650,1,Bon,Oui
187,4602,12993,15,Bon,Non
188,5021,10769,22,Mauvais,Oui
189,7951,4371,28,Mauvais,Oui
190,2464,41859,9,Bon,Oui
191,6838,23113,22,Mauvais,Non
192,4028,15379,14,Mauvais,Non
193,4787,28661,6,Bon,Oui
194,7841,3698,27,Bon,Oui
195,2983,30277,25,Bon,Non
196,4095,2262,21,Mauvais,Oui
197,6693,10775,16,Bon,Oui
198,4586,46775,12,Bon,Oui
199,7749,4494,5,Mauvais,Non
200,6144,48169,11,Mauvais,Non
201,3343,2526,27,Mauvais,Non
202,6697,3182,25,Mauvais,Oui
203,4602,9791,7,Bon,Non
204,1668,16165,1,Mauvais,Non
205,6262,31999,8,Bon,Non
206,4237,41612,29,Bon,Non
207,6420,45248,0,Mauvais,Oui
208,4852,3496,13,Bon,Non
209,3903,1504,25,Mauvais,Oui
210,3047,33523,26,Mauvais,Non
211,1807,42021,15,Mauvais,Non
212,5028,46137,27,Bon,Non
213,3555,35658,8,Mauvais,Oui
214,1861,6547,30,Bon,Non
215,1555,1539,8,Bon,Oui
216,3198,19632,29,Bon,Oui
217,6539,31661,17,Mauvais,Non
218,5249,2268,13,Mauvais,Oui
219,1520,27104,6,Bon,Oui
220,2726,6697,10,Bon,Non
221,6823,14298,26,Bon,Non
222,2224,20105,25,Bon,Non
223,3512,39234,6,Bon,Oui
224,5512,27432,29,Mauvais,Non
225,4817,4457,16,Mauvais,Oui
226,7115,7706,2,Mauvais,Non
227,3090,6577,24,Bon,Non
228,3674,46573,29,Bon,Oui
229,5306,7172,8,Mauvais,Oui
230,2426,29426,6,Mauvais,Non
231,5533,41515,12,Mauvais,Non
232,6594,42803,25,Bon,Oui
233,4942,32664,19,Mauvais,Non
234,5769,47978,9,Bon,Oui
235,2432,24317,3,Mauvais,Non
236,2589,7352,10,Bon,Non
237,2399,26098,13,Bon,Non
238,3347,34900,22,Bon,Non
239,6612,2855,12,Bon,Oui
240,3999,43603,11,Bon,Oui
241,5845,24809,30,Bon,Oui
242,1700,7983,23,Mauvais,Non
243,1995,12002,18,Mauvais,Non
244,7022,47031,26,Mauvais,Oui
245,2504,18253,27,Bon,Non
246,3952,45102,27,Mauvais,Oui
247,5897,4823,21,Bon,Non
248,1611,30559,23,Mauvais,Non
249,7899,22939,24,Mauvais,Oui
250,3151,42605,30,Mauvais,Non
251,4194,32786,8,Bon,Non
252,6074,22079,3,Bon,Non
253,2129,3739,11,Bon,Oui
254,2280,31446,3,Bon,Non
255,2749,12663,18,Bon,Oui
256,5061,4177,29,Mauvais,Non
257,3676,31010,8,Bon,Oui
258,6321,21806,17,Bon,Non
259,1885,34647,0,Bon,Oui
260,6503,23275,29,Bon,Oui
261,7051,17731,13,Bon,Non
262,2792,43674,4,Bon,Oui
263,7432,14521,13,Bon,Non
264,6355,10412,17,Mauvais,Oui
265,7922,10759,14,Mauvais,Oui
266,5501,41658,17,Bon,Oui
267,5321,47759,15,Mauvais,Non
268,5289,13513,22,Mauvais,Non
269,5160,45917,17,Bon,Oui
270,7518,29072,20,Mauvais,Non
271,1744,7692,25,Mauvais,Oui
272,5688,48239,28,Bon,Oui
273,3767,2604,0,Bon,Oui
274,1739,21491,2,Mauvais,Oui
275,2137,41642,16,Bon,Non
276,4321,8299,25,Mauvais,Non
277,5776,10674,15,Bon,Oui
278,5366,4457,13,Mauvais,Non
279,6315,13219,11,Mauvais,Oui
280,7958,39984,28,Mauvais,Oui
281,3545,42782,14,Bon,Oui
282,4791,20048,2,Mauvais,Oui
283,2525,2162,18,Mauvais,Oui
284,7899,27905,6,Bon,Non
285,7304,39575,26,Bon,Oui
286,4378,16674,0,Mauvais,Non
287,7066,40029,18,Mauvais,Oui
288,6452,49347,8,Mauvais,Non
289,7862,45648,23,Bon,Non
290,6045,48699,15,Mauvais,Non
291,3004,2002,9,Bon,Non
292,4461,19400,26,Bon,Oui
293,3830,41148,20,Mauvais,Non
294,4831,10455,0,Mauvais,Non
295,6275,4881,11,Bon,Oui
296,7512,42479,27,Bon,Oui
297,7038,33651,8,Bon,Non
298,5718,40286,2,Bon,Non
299,5945,49660,22,Bon,Non
300,6961,10769,9,Bon,Non
301,3364,1568,14,Bon,Oui
302,2843,31972,8,Bon,Non
303,6921,14853,26,Mauvais,Oui
304,4096,37162,0,Mauvais,Oui
305,4759,47798,25,Bon,Non
306,4738,21749,15,Bon,Oui
307,6375,13005,3,Bon,Non
308,3289,4210,2,Mauvais,Non
309,1773,32100,7,Bon,Oui
310,6053,2944,16,Mauvais,Oui
311,1518,2405,21,Mauvais,Non
312,7304,6975,24,Mauvais,Non
313,3539,20479,4,Bon,Oui
314,3730,48294,7,Mauvais,Non
315,7146,5623,29,Mauvais,Oui
316,3403,29148,15,Mauvais,Oui
317,3107,18663,5,Bon,Oui
318,1757,7946,17,Bon,Oui
319,4843,28017,15,Bon,Oui
320,5577,1237,21,Mauvais,Non
321,7871,42019,5,Bon,Oui
322,6762,34279,28,Mauvais,Non
323,4037,16493,28,Mauvais,Oui
324,4547,41271,8,Mauvais,Non
325,2066,19791,2,Bon,Non
326,4871,8138,3,Bon,Oui
327,3330,23333,12,Mauvais,Non
328,5230,19615,3,Mauvais,Oui
329,3163,29477,26,Mauvais,Non
330,6693,48438,17,Mauvais,Oui
331,2832,21319,0,Mauvais,Oui
332,7293,7350,0,Bon,Oui
333,6206,20398,17,Bon,Oui
334,3164,18920,15,Mauvais,Non
335,4283,2411,6,Mauvais,Non
336,3919,20186,25,Mauvais,Oui
337,4514,37383,4,Bon,Oui
338,1695,28636,14,Mauvais,Oui
339,2413,37644,11,Bon,Oui
340,2007,35193,21,Mauvais,Non
341,4008,1860,25,Bon,Oui
342,4290,26095,3,Mauvais,Non
343,2740,16909,2,Mauvais,Non
344,5308,20802,18,Mauvais,Oui
345,6131,26894,25,Mauvais,Non
346,4665,43406,4,Mauvais,Non
347,2800,45458,21,Mauvais,Oui
348,1744,2409,5,Bon,Oui
349,2504,25855,28,Mauvais,Non
350,7709,39462,22,Mauvais,Non
351,7414,34501,12,Mauvais,Oui
352,4711,10509,1,Mauvais,Non
353,4967,4377,19,Mauvais,Oui
354,1944,6419,12,Bon,Non
355,7787,32050,30,Bon,Non
356,7060,29282,26,Mauvais,Oui
357,3482,25790,0,Bon,Non
358,6586,44600,8,Mauvais,Oui
359,5373,36473,30,Mauvais,Oui
360,3066,34151,20,Mauvais,Non
361,1746,9102,3,Mauvais,Oui
362,3272,46496,26,Mauvais,Non
363,5838,32870,0,Bon,Oui
364,6333,7183,3,Mauvais,Non
365,2258,39949,9,Mauvais,Oui
366,7925,3857,14,Bon,Non
367,7967,30174,10,Bon,Non
368,3513,48122,20,Mauvais,Non
369,3558,6213,14,Bon,Non
370,3942,40365,24,Mauvais,Non
371,2139,45737,1,Bon,Non
372,6346,19063,24,Bon,Oui
373,6274,30261,0,Mauvais,Oui
374,4597,9486,17,Mauvais,Non
375,4080,28528,23,Bon,Non
376,6933,31125,24,Bon,Oui
377,2264,36107,18,Mauvais,Oui
378,1607,30575,26,Bon,Oui
379,7249,10546,17,Bon,Non
380,6773,2791,23,Mauvais,Non
381,6346,7600,12,Mauvais,Oui
382,6925,9784,4,Mauvais,Oui
383,3572,49084,15,Mauvais,Non
384,5041,19724,28,Bon,Oui
385,4997,31113,26,Mauvais,Non
386,5882,25359,2,Mauvais,Non
387,7584,10345,22,Bon,Non
388,4857,41044,16,Bon,Oui
389,5860,34741,24,Mauvais,Oui
390,2034,17801,23,Bon,Non
391,4288,29487,11,Bon,Oui
392,2298,42424,13,Bon,Non
393,7484,41341,8,Mauvais,Non
394,3011,33084,23,Mauvais,Oui
395,2823,16739,23,Mauvais,Non
396,3480,16829,27,Mauvais,Oui
397,7541,35014,9,Bon,Non
398,2234,15958,22,Bon,Non
399,6711,26841,5,Bon,Oui
400,1791,5287,29,Bon,Non
401,1595,41720,19,Mauvais,Oui
402,2853,45037,13,Bon,Oui
403,5176,18645,0,Bon,Oui
404,5094,33034,24,Bon,Non
405,1969,16657,12,Mauvais,Oui
406,4750,14685,24,Mauvais,Oui
407,2278,2457,18,Bon,Non
408,4153,38330,1,Mauvais,Non
409,1649,21483,6,Mauvais,Oui
410,2013,48265,24,Bon,Oui
411,5380,42825,25,Mauvais,Non
412,5306,13213,20,Bon,Oui
413,6680,47076,27,Bon,Oui
414,4140,25953,18,Bon,Oui
415,5527,39935,0,Mauvais,Non
416,5602,34953,15,Bon,Oui
417,7272,46925,27,Mauvais,Non
418,4009,34540,26,Mauvais,Non
419,2755,6330,8,Mauvais,Oui
420,7882,14679,2,Bon,Non
421,7874,47624,3,Mauvais,Oui
422,3224,49184,19,Mauvais,Oui
423,7502,33245,18,Bon,Non
424,5605,9175,4,Mauvais,Non
425,4948,3163,7,Mauvais,Non
426,6589,39244,6,Bon,Non
427,6879,13736,10,Mauvais,Non
428,5155,14234,1,Mauvais,Oui
429,3809,14387,28,Mauvais,Non
430,7192,18211,30,Bon,Non
431,3416,39328,22,Bon,Oui
432,2667,6597,6,Mauvais,Oui
433,7276,37930,17,Bon,Oui
434,7039,47871,19,Bon,Oui
435,7978,13391,22,Bon,Non
436,4276,17795,1,Mauvais,Non
437,2119,25063,19,Bon,Oui
438,5072,18910,3,Bon,Oui
439,4170,3496,13,Mauvais,Oui
440,6024,43066,22,Mauvais,Oui
441,4021,14515,24,Bon,Non
442,4247,4410,13,Mauvais,Oui
443,2532,40607,6,Bon,Oui
444,3381,44691,24,Mauvais,Non
445,3091,7731,20,Mauvais,Non
446,7087,21284,20,Bon,Oui
447,3172,39040,24,Mauvais,Oui
448,5385,46644,1,Bon,Non
449,2757,40016,30,Bon,Oui
450,4226,4014,8,Mauvais,Oui
451,3745,49127,30,Bon,Oui
452,2272,21767,8,Bon,Non
453,3040,44033,16,Bon,Oui
454,5621,22301,5,Mauvais,Oui
455,4509,31176,11,Mauvais,Non
456,3659,45382,8,Mauvais,Oui
457,1984,13750,19,Bon,Non
458,2237,17804,9,Mauvais,Oui
459,3755,19194,4,Mauvais,Oui
460,3809,44422,8,Mauvais,Oui
461,1957,7743,29,Bon,Non
462,4099,5672,9,Mauvais,Non
463,4275,34728,21,Mauvais,Oui
464,7359,40648,26,Bon,Non
465,4205,47492,22,Bon,Oui
466,4858,29527,21,Mauvais,Non
467,4402,17804,22,Mauvais,Non
468,2437,25904,19,Bon,Oui
469,6337,20413,22,Bon,Oui
470,5535,31566,23,Bon,Non
471,6839,24444,22,Mauvais,Non
472,5474,28178,21,Bon,Oui
473,6407,46619,3,Bon,Oui
474,4309,38902,1,Mauvais,Non
475,5908,44853,8,Mauvais,Oui
476,5981,48009,5,Bon,Non
477,6222,39138,6,Bon,Oui
478,6900,9362,29,Mauvais,Oui
479,7249,2528,1,Mauvais,Oui
480,6908,13127,18,Mauvais,Non
481,6004,49361,30,Bon,Oui
482,2562,30187,11,Bon,Non
483,7456,37375,16,Mauvais,Oui
484,5347,12307,30,Mauvais,Oui
485,2229,43360,17,Bon,Non
486,6811,43425,25,Mauvais,Oui
487,6166,21663,23,Mauvais,Oui
488,3933,19374,18,Mauvais,Oui
489,2782,17456,22,Bon,Oui
490,5213,17919,3,Bon,Non
491,3982,25286,2,Mauvais,Non
492,6523,48436,14,Bon,Non
493,6313,19083,6,Mauvais,Oui
494,5083,21925,10,Bon,Non
495,3167,10252,25,Mauvais,Oui
496,2943,47774,29,Mauvais,Oui
497,4869,43507,6,Bon,Oui
498,3980,36576,8,Bon,Oui
499,4361,19229,17,Mauvais,Oui
500,6880,9371,25,Mauvais,Non
501,5170,27340,17,Mauvais,Oui
502,5718,41905,17,Mauvais,Non
503,7191,23483,6,Mauvais,Oui
504,4458,18652,11,Bon,Oui
505,7146,20407,13,Mauvais,Oui
506,5257,48652,21,Bon,Oui
507,2554,35578,5,Bon,Non
508,3179,22992,19,Bon,Non
509,4556,48718,22,Mauvais,Oui
510,3556,33454,14,Bon,Non
511,6842,21648,6,Mauvais,Non
512,4428,17890,23,Bon,Non
513,4524,29188,7,Bon,Non
514,5724,1470,22,Bon,Oui
515,6771,35186,3,Mauvais,Oui
516,6808,43278,28,Bon,Non
517,6673,30619,0,Bon,Oui
518,1902,17344,18,Bon,Non
519,2104,46713,16,Mauvais,Oui
520,3230,49366,27,Mauvais,Non
521,6436,42738,14,Mauvais,Oui
522,2995,12017,17,Mauvais,Oui
523,7693,1691,4,Bon,Oui
524,7436,9390,24,Mauvais,Oui
525,3011,15044,8,Bon,Non
526,6768,29579,28,Bon,Non
527,7134,11918,5,Mauvais,Oui
528,3633,25646,20,Mauvais,Oui
529,5632,35272,12,Mauvais,Oui
530,3209,14457,30,Bon,Non
531,7804,43161,0,Bon,Non
532,5650,25499,3,Bon,Oui
533,2806,39423,7,Mauvais,Oui
534,1721,20339,17,Mauvais,Non
535,6301,30585,9,Mauvais,Non
536,1960,28229,11,Bon,Oui
537,5213,5944,12,Bon,Non
538,5720,10803,19,Mauvais,Non
539,3529,28164,20,Bon,Oui
540,4357,33244,10,Mauvais,Oui
541,2284,4999,12,Mauvais,Oui
542,6046,5003,8,Bon,Non
543,1879,5643,13,Mauvais,Oui
544,2964,2496,1,Mauvais,Non
545,6460,17770,8,Mauvais,Oui
546,3743,21762,3,Bon,Non
547,6832,42121,27,Mauvais,Non
548,2648,32367,3,Mauvais,Oui
549,3158,17926,19,Mauvais,Oui
550,5462,6889,18,Bon,Oui
551,4425,28237,10,Bon,Oui
552,3072,42009,6,Bon,Oui
553,3821,8629,17,Bon,Non
554,4314,6192,13,Bon,Oui
555,7608,22579,27,Bon,Oui
556,2822,44705,14,Mauvais,Non
557,5218,2003,24,Bon,Non
558,3815,47409,5,Bon,Non
559,4868,15798,20,Mauvais,Oui
560,7531,5132,3,Mauvais,Non
561,2222,36029,29,Mauvais,Oui
562,4973,5752,16,Mauvais,Oui
563,7667,30532,16,Bon,Oui
564,2465,26193,10,Bon,Oui
565,6409,9560,3,Bon,Oui
566,6467,10111,25,Mauvais,Non
567,5810,28376,26,Mauvais,Oui
568,7295,26454,3,Mauvais,Oui
569,5132,47867,20,Bon,Non
570,4410,35316,4,Bon,Non
571,6930,11339,13,Bon,Oui
572,6783,10517,21,Bon,Non
573,4635,46317,18,Mauvais,Non
574,2335,41692,29,Mauvais,Oui
575,4276,20107,1,Bon,Oui
576,4270,19943,5,Bon,Non
577,2391,28737,29,Mauvais,Non
578,1941,18024,18,Bon,Non
579,1882,29979,17,Bon,Non
580,3218,10692,18,Mauvais,Non
581,6336,40468,20,Mauvais,Non
582,3382,6646,25,Bon,Non
583,6952,6274,5,Bon,Non
584,4333,1459,8,Bon,Oui
585,7216,10316,6,Mauvais,Non
586,6705,36550,19,Bon,Oui
587,1516,11420,23,Bon,Oui
588,3686,41990,7,Mauvais,Non
589,3331,32256,5,Mauvais,Non
590,4366,7865,1,Bon,Non
591,6009,46624,11,Bon,Non
592,3614,48752,26,Bon,Non
593,5829,35887,17,Mauvais,Oui
594,4150,28303,9,Bon,Non
595,1723,2268,23,Bon,Oui
596,6813,4763,4,Mauvais,Oui
597,7727,19490,26,Bon,Oui
598,7859,25531,18,Mauvais,Oui
599,2561,19133,4,Bon,Non
600,6456,25763,7,Bon,Non
601,7764,33022,8,Bon,Oui
602,1943,48784,4,Bon,Oui
603,2574,35307,23,Bon,Oui
604,1600,26566,4,Mauvais,Non
605,3226,3737,15,Bon,Non
606,3758,10272,29,Bon,Oui
607,2249,23175,0,Bon,Non
608,5722,36865,11,Bon,Oui
609,2720,34054,19,Mauvais,Non
610,7397,20656,3,Bon,Non
611,3168,49670,0,Bon,Non
612,7847,48753,24,Mauvais,Non
613,3119,37512,19,Bon,Non
614,3774,3037,27,Mauvais,Non
615,6008,15227,9,Bon,Non
616,1679,20915,5,Mauvais,Non
617,5790,9765,10,Bon,Non
618,7442,35933,0,Mauvais,Oui
619,2753,39727,18,Bon,Oui
620,3442,35475,13,Bon,Oui
621,3988,32703,30,Bon,Oui
622,6477,24027,12,Mauvais,Non
623,3895,11239,26,Mauvais,Non
624,3721,38581,19,Bon,Non
625,4754,23954,26,Mauvais,Oui
626,3270,29200,1,Mauvais,Oui
627,7606,4002,15,Bon,Non
628,4322,34127,25,Mauvais,Non
629,2048,41671,28,Bon,Non
630,3202,3344,18,Bon,Non
631,5635,39036,26,Bon,Non
632,3940,34639,2,Mauvais,Non
633,5322,38304,13,Mauvais,Oui
634,7417,1780,4,Mauvais,Non
635,5562,45043,24,Bon,Oui
636,6724,11824,29,Mauvais,Oui
637,4151,40933,17,Mauvais,Oui
638,2767,31597,27,Bon,Non
639,6079,28469,23,Mauvais,Non
640,3439,42094,5,Bon,Non
641,7879,27571,9,Mauvais,Oui
642,5949,23171,14,Bon,Non
643,7245,27391,5,Mauvais,Oui
644,4860,46578,20,Mauvais,Non
645,2254,48802,5,Mauvais,Oui
646,2670,20104,10,Mauvais,Oui
647,3751,26706,18,Bon,Oui
648,4496,26901,11,Bon,Non
649,4861,32632,29,Mauvais,Oui
650,4030,8176,29,Bon,Oui
651,2338,45700,15,Bon,Non
652,2383,9101,9,Bon,Non
653,1617,7957,10,Mauvais,Oui
654,7656,26659,17,Mauvais,Oui
655,6702,36420,4,Bon,Non
656,1997,22363,16,Mauvais,Oui
657,2081,28310,22,Mauvais,Oui
658,7226,9971,29,Mauvais,Oui
659,3418,43032,28,Mauvais,Non
660,7307,1709,21,Mauvais,Non
661,5222,27136,26,Bon,Non
662,1549,21607,8,Bon,Oui
663,2718,18013,22,Bon,Oui
664,4089,41730,21,Mauvais,Non
665,3454,16495,17,Mauvais,Non
666,6138,35882,1,Bon,Oui
667,3178,36414,16,Mauvais,Oui
668,1985,22903,22,Mauvais,Non
669,3320,41662,25,Bon,Oui
670,1630,49450,30,Mauvais,Non
671,1565,8590,13,Bon,Oui
672,3420,9415,10,Bon,Non
673,1761,19685,1,Bon,Non
674,6667,47630,8,Mauvais,Oui
675,4576,26160,28,Mauvais,Non
676,5919,38531,0,Mauvais,Non
677,6319,19615,17,Bon,Oui
678,6326,24645,25,Bon,Non
679,4347,45339,21,Bon,Non
680,3566,46082,16,Bon,Oui
681,3021,2360,26,Bon,Non
682,3696,8255,10,Bon,Non
683,2364,28952,30,Bon,Non
684,4600,22811,27,Bon,Non
685,4226,27015,17,Mauvais,Non
686,6786,8306,0,Bon,Non
687,5277,41344,22,Mauvais,Non
688,5634,41850,9,Bon,Non
689,6816,15738,30,Bon,Non
690,6124,6461,11,Bon,Non
691,2931,2428,14,Bon,Oui
692,6524,20053,21,Bon,Oui
693,6376,2943,19,Mauvais,Non
694,2292,3978,18,Bon,Non
695,4274,30459,12,Mauvais,Non
696,5137,46467,5,Mauvais,Non
697,5078,29634,26,Bon,Oui
698,5667,21680,2,Bon,Oui
699,7968,20063,24,Mauvais,Oui
700,3966,18363,23,Mauvais,Non
701,3114,27706,10,Mauvais,Non
702,2851,25157,27,Mauvais,Non
703,5326,45055,1,Bon,Oui
704,7553,48282,4,Mauvais,Oui
705,3591,26788,19,Mauvais,Non
706,6976,23118,5,Bon,Oui
707,3325,29833,16,Bon,Oui
708,3475,37123,19,Bon,Oui
709,6459,38978,26,Mauvais,Oui
710,5064,7563,2,Bon,Non
711,4437,13021,18,Mauvais,Oui
712,3919,27166,25,Bon,Non
713,4548,33551,21,Mauvais,Non
714,6968,27040,6,Mauvais,Oui
715,3446,37195,9,Bon,Non
716,6346,29536,17,Bon,Oui
717,3450,6036,19,Bon,Non
718,7487,28505,1,Bon,Oui
719,3704,27711,13,Bon,Oui
720,4726,43610,13,Bon,Oui
721,4013,45886,23,Mauvais,Oui
722,3580,49785,5,Mauvais,Oui
723,6509,43934,0,Mauvais,Oui
724,4666,4056,27,Bon,Non
725,1513,45024,29,Mauvais,Oui
726,2681,24330,3,Mauvais,Non
727,6490,29544,16,Bon,Oui
728,3958,8180,26,Bon,Non
729,3193,26322,27,Bon,Non
730,3364,3998,8,Mauvais,Non
731,3079,18176,1,Bon,Non
732,3190,34772,30,Bon,Non
733,6638,31262,12,Bon,Non
734,1601,39276,21,Mauvais,Oui
735,5195,4953,11,Mauvais,Non
736,5101,11053,16,Bon,Non
737,3987,5734,16,Bon,Oui
738,4105,6986,18,Mauvais,Non
739,6887,29255,12,Bon,Oui
740,2315,37204,22,Mauvais,Non
741,7369,18049,30,Bon,Oui
742,7094,11433,19,Bon,Non
743,2834,43745,24,Mauvais,Oui
744,7640,23645,8,Bon,Non
745,6649,26158,2,Bon,Non
746,2079,21463,3,Bon,Oui
747,6396,11570,12,Mauvais,Oui
748,5853,5495,25,Mauvais,Non
749,7103,28804,13,Mauvais,Oui
750,7402,3838,23,Bon,Oui
751,1734,38049,6,Bon,Oui
752,5658,10378,13,Mauvais,Oui
753,4531,14320,17,Mauvais,Oui
754,7772,9679,28,Bon,Oui
755,5638,46573,14,Bon,Non
756,3248,27108,9,Mauvais,Oui
757,7117,26728,21,Mauvais,Non
758,2426,31192,29,Bon,Non
759,3034,9085,28,Bon,Oui
760,1810,40363,8,Bon,Non
761,6144,45110,6,Mauvais,Oui
762,5728,27158,6,Mauvais,Oui
763,3768,17094,19,Mauvais,Non
764,2960,26258,19,Bon,Oui
765,1854,3639,6,Mauvais,Oui
766,5613,26172,17,Bon,Oui
767,6993,17927,5,Mauvais,Non
768,2849,23288,21,Mauvais,Non
769,7889,16702,17,Bon,Oui
770,4524,16983,13,Mauvais,Non
771,6154,5822,3,Mauvais,Non
772,7537,6436,26,Mauvais,Oui
773,4920,40938,8,Mauvais,Oui
774,2803,19268,6,Mauvais,Non
775,4310,23244,28,Mauvais,Oui
776,4430,24454,4,Mauvais,Oui
777,6635,1249,25,Mauvais,Oui
778,5626,6442,10,Bon,Non
779,3743,11483,24,Mauvais,Non
780,5070,22535,29,Mauvais,Oui
781,5545,2369,4,Bon,Non
782,2056,17306,30,Bon,Non
783,4004,29508,28,Bon,Oui
784,7311,41520,6,Mauvais,Oui
785,3584,42242,3,Bon,Oui
786,3673,23378,2,Mauvais,Non
787,4390,30569,5,Mauvais,Oui
788,1861,47731,26,Mauvais,Oui
789,6876,22048,10,Bon,Non
790,4667,5431,11,Bon,Oui
791,3916,36744,24,Bon,Oui
792,7166,45925,21,Mauvais,Oui
793,2642,43956,7,Bon,Oui
794,5821,44504,24,Bon,Oui
795,4577,37530,7,Bon,Oui
796,4052,29173,20,Mauvais,Oui
797,3632,10652,15,Bon,Oui
798,7813,49177,4,Bon,Non
799,5777,5770,2,Bon,Oui
800,5623,15983,24,Mauvais,Oui
801,7810,44208,7,Bon,Oui
802,6707,12705,23,Bon,Oui
803,7584,36463,6,Bon,Non
804,2157,5771,10,Bon,Oui
805,4958,2756,0,Mauvais,Oui
806,7734,44741,21,Bon,Oui
807,4051,28314,26,Bon,Non
808,3835,9470,21,Bon,Oui
809,3897,26913,19,Bon,Non
810,5865,23580,27,Mauvais,Non
811,2341,11086,5,Bon,Non
812,2603,35562,14,Bon,Non
813,5250,25725,30,Bon,Non
814,7681,48162,21,Mauvais,Non
815,3205,40201,30,Mauvais,Oui
816,4481,40451,18,Bon,Oui
817,3515,3699,10,Mauvais,Oui
818,6924,10529,23,Bon,Oui
819,3808,24066,15,Bon,Non
820,6958,2979,17,Mauvais,Oui
821,2332,28601,26,Mauvais,Non
822,6368,41875,20,Bon,Oui
823,7372,45379,23,Bon,Oui
824,5509,9103,30,Mauvais,Non
825,6774,3035,5,Bon,Oui
826,3070,38131,20,Mauvais,Oui
827,2418,49694,11,Mauvais,Oui
828,4378,15887,15,Bon,Oui
829,7527,25068,11,Mauvais,Non
830,3717,31277,24,Bon,Oui
831,7807,41277,6,Bon,Oui
832,7439,49290,14,Mauvais,Oui
833,6341,34894,7,Bon,Oui
834,5094,41181,7,Mauvais,Oui
835,1947,20968,2,Mauvais,Non
836,7067,5058,26,Mauvais,Oui
837,6553,23676,26,Mauvais,Oui
838,5522,43581,13,Mauvais,Non
839,3279,45134,19,Bon,Non
840,3519,22067,16,Mauvais,Oui
841,7829,32912,4,Mauvais,Non
842,2950,43562,5,Bon,Oui
843,6744,2621,28,Mauvais,Non
844,5565,3762,13,Mauvais,Non
845,5464,36305,14,Bon,Oui
846,7905,12092,18,Bon,Non
847,6839,26359,10,Bon,Oui
848,7806,3773,20,Bon,Non
849,6782,35257,20,Mauvais,Oui
850,3301,11974,24,Mauvais,Non
851,7179,39400,26,Mauvais,Oui
852,3856,5203,12,Mauvais,Oui
853,2037,29951,1,Mauvais,Non
854,4118,37621,3,Mauvais,Oui
855,7549,35443,11,Bon,Oui
856,6433,12495,0,Bon,Oui
857,2772,40769,11,Bon,Oui
858,2300,6158,26,Bon,Oui
859,6695,1750,14,Mauvais,Non
860,6940,35304,29,Mauvais,Oui
861,6634,40067,18,Bon,Oui
862,1618,6357,26,Mauvais,Non
863,5730,43746,2,Bon,Non
864,5793,43582,12,Mauvais,Oui
865,3917,25093,7,Bon,Non
866,7834,3170,16,Bon,Non
867,5580,40482,2,Bon,Non
868,5903,1040,5,Bon,Oui
869,5445,10990,2,Mauvais,Oui
870,6645,3624,25,Mauvais,Non
871,6474,41886,18,Mauvais,Oui
872,4289,42631,11,Bon,Non
873,5061,10937,7,Bon,Non
874,4835,42183,8,Bon,Oui
875,7871,45612,20,Mauvais,Non
876,7489,7281,22,Mauvais,Non
877,4968,17448,2,Mauvais,Oui
878,2201,22240,11,Bon,Oui
879,6142,22663,5,Mauvais,Non
880,4205,23868,0,Mauvais,Non
881,4613,44648,10,Bon,Non
882,7295,46778,4,Mauvais,Non
883,5662,20530,24,Bon,Non
884,7748,39679,13,Bon,Non
885,2586,27823,9,Mauvais,Non
886,5928,13697,27,Mauvais,Oui
887,4772,4304,0,Mauvais,Non
888,2870,42843,14,Bon,Non
889,2588,7606,18,Bon,Non
890,2864,23592,17,Bon,Oui
891,3043,14509,18,Bon,Oui
892,2740,1713,4,Mauvais,Non
893,2599,1816,25,Mauvais,Oui
894,7557,13840,10,Bon,Non
895,7262,22035,21,Bon,Non
896,4934,18240,9,Bon,Oui
897,3491,27692,1,Bon,Oui
898,7916,42708,19,Bon,Oui
899,3189,34477,17,Bon,Oui
900,6538,18837,25,Mauvais,Oui
901,4641,31470,19,Mauvais,Oui
902,7753,16173,5,Bon,Non
903,7502,8179,4,Bon,Oui
904,2362,39007,8,Bon,Non
905,3959,42143,18,Mauvais,Non
906,7121,14987,16,Bon,Oui
907,7121,46698,10,Bon,Oui
908,3316,10210,23,Mauvais,Non
909,5748,34687,3,Bon,Non
910,2427,5613,2,Mauvais,Oui
911,3954,13964,17,Bon,Non
912,7424,22432,24,Mauvais,Oui
913,5447,3931,12,Bon,Non
914,7080,13949,12,Bon,Non
915,5563,7329,0,Bon,Oui
916,3157,12595,15,Mauvais,Non
917,1926,13614,28,Mauvais,Non
918,5381,16099,21,Mauvais,Oui
919,4839,8789,17,Mauvais,Non
920,5848,25737,1,Mauvais,Oui
921,1680,34171,17,Bon,Non
922,4678,27868,3,Mauvais,Oui
923,2726,47095,29,Mauvais,Oui
924,6654,46546,30,Bon,Oui
925,1910,42217,28,Bon,Oui
926,7900,22919,22,Bon,Oui
927,1704,30593,1,Mauvais,Oui
928,3470,39661,23,Bon,Oui
929,1854,31054,17,Bon,Oui
930,1730,13696,12,Mauvais,Oui
931,6455,6371,0,Mauvais,Oui
932,7808,2815,14,Mauvais,Non
933,7849,47021,23,Mauvais,Oui
934,4683,36117,30,Bon,Non
935,5337,7115,10,Mauvais,Oui
936,2564,1268,19,Bon,Oui
937,3707,2736,22,Mauvais,Oui
938,6428,12262,16,Bon,Non
939,3365,49607,2,Mauvais,Oui
940,5323,31084,20,Mauvais,Non
941,2193,48658,2,Mauvais,Non
942,3358,16270,8,Bon,Non
943,2286,18389,10,Bon,Non
944,7889,8962,18,Bon,Oui
945,7931,13349,19,Mauvais,Non
946,3337,35104,11,Mauvais,Oui
947,1600,37678,29,Bon,Oui
948,6532,28580,19,Mauvais,Oui
949,2050,49706,13,Mauvais,Non
950,5779,30300,29,Mauvais,Oui
951,5893,26177,20,Mauvais,Non
952,2549,27244,3,Bon,Oui
953,3224,42401,6,Mauvais,Non
954,3000,35773,24,Bon,Oui
955,3119,3967,12,Bon,Non
956,4538,17457,18,Mauvais,Oui
957,2932,20446,4,Bon,Oui
958,4736,38888,0,Bon,Oui
959,6907,34231,19,Bon,Non
960,2887,34426,26,Bon,Oui
961,4238,42459,1,Bon,Non
962,5308,1669,25,Mauvais,Non
963,3951,30658,28,Bon,Oui
964,3370,6871,16,Mauvais,Non
965,6750,9284,17,Mauvais,Oui
966,6820,1891,8,Bon,Oui
967,2999,44050,13,Bon,Oui
968,4751,4907,18,Bon,Non
969,2540,7100,17,Mauvais,Oui
970,7373,8431,5,Bon,Non
971,7930,39443,28,Mauvais,Non
972,7798,39556,2,Mauvais,Non
973,7472,34624,17,Bon,Oui
974,3275,3364,8,Mauvais,Non
975,1859,21239,0,Bon,Non
976,6507,36416,11,Bon,Non
977,5827,18710,17,Mauvais,Non
978,4321,36024,30,Mauvais,Non
979,1885,12959,18,Mauvais,Oui
980,2752,14896,2,Mauvais,Non
981,2063,14677,14,Mauvais,Oui
982,7825,33110,22,Bon,Non
983,7294,23644,18,Mauvais,Non
984,6706,38416,30,Mauvais,Oui
985,3411,36010,25,Bon,Non
986,6581,25444,19,Mauvais,Oui
987,4033,28730,21,Mauvais,Oui
988,5990,16581,3,Bon,Non
989,4997,26185,20,Bon,Non
990,2251,43771,25,Bon,Oui
991,3477,39631,14,Bon,Non
992,6654,45737,11,Mauvais,Oui
993,3434,39820,13,Mauvais,Non
994,5225,17498,27,Mauvais,Oui
995,1556,43986,13,Bon,Non
996,4478,5811,11,Mauvais,Oui
997,5094,49194,13,Bon,Oui
998,5737,41881,20,Bon,Oui
999,5371,2117,9,Mauvais,Non
1000,4552,10874,12,Bon,Non
